name,code
Abutilon regnelli,Abureg
Acacia collinsii,Acacol
Acnistus arborescens,Acnarb
Adenocalymna dichilum,Adedic
Aechmea tillandsioides,Aectil
Agave cocui,Agacoc
Agave desmettiana,Agades
Agave macroacantha,Agamac
Agave ortgiesiana,Agaort
Agave palmeri,Agapal
Agave schottii,Agasch
Agave subsimplex,Agasub
Agave vivipara,Agaviv
Alexa grandiflora,Alegra
Anacardium excelsum,Anaexc
Andira inermis,Andine
Annona muricata,Annmur
Annona squamosa,Annsqu
Asplundia vagans,Aspvag
Bakeridesia rufinervis,Bakruf
Bauhinia multinervia,Baumul
Bauhinia pauletia,Baupau
Bauhinia rufa,Bauruf
Bauhinia ungulata,Bauung
Brosimum alicastrum,Broali
Brosimum lactescens,Brolac
Burmeistera borjensis,Burbor
Burmeistera ceratocarpa,Burcer
Burmeistera cyclostigmata,Burcyc
Burmeistera cylindrocarpa,Burcyl
Burmeistera lutosa,Burlut
Burmeistera multiflora,Burmul
Burmeistera rubrosepala,Burrub
Burmeistera smaragdi,Bursma
Burmeistera sodiroana,Bursod
Burmeistera succulenta,Bursuc
Burmeistera truncata,Burtru
Byrsonima spicata,Byrspi
Calliandra laxa,Callax
Calophyllum brasiliense,Calbra
Calophyllum longifolium,Callon
Calycolpus warszewiczianus,Calwar
Calyptrogyne ghiesbreghtiana,Calghi
Capsicum annuum,Capann
Carica papaya,Carpap
Carludovica palmata,Carpal
Carnegiea gigantea,Cargig
Caryocar brasiliense,Carbra
Cecropia angustifolia,Cecang
Cecropia concolor,Ceccon
Cecropia distachya,Cecdis
Cecropia ficifolia,Cecfic
Cecropia glaziovii,Cecgla
Cecropia hololeuca,Cechol
Cecropia insignis,Cecins
Cecropia membranacea,Cecmem
Cecropia obtusa,Cecobt
Cecropia obtusifolia,Cecobf
Cecropia pachystachya,Cecpac
Cecropia Palmata,CecPal
Cecropia peltata,Cecpel
Cecropia schreberiana,Cecsch
Cecropia sciadophylla,Cecsci
Ceiba aesculifolia,Ceiaes
Ceiba pentandra,Ceipen
Celtis iguanaea,Celigu
Centropogon nigricans,Cennig
Cereus hexagonus,Cerhex
Cereus horrispinus,Cerhor
Cereus repandus,Cerrep
Chelonanthus alatus,Cheala
Chrysobalanus icaco,Chrica
Chrysophyllum cainito,Chrcai
Chrysophyllum gonocarpum,Chrgon
Chrysophyllum oliviforme,Chroli
Clarisia biflora,Clabif
Clidemia octona,Clioct
Clusia flavida,Clufla
Cobaea aschersoniana,Cobasc
Coccoloba uvifera,Cocuvi
Conostegia icosandra,Conico
Conostegia volcanalis,Convol
Conostegia xalapensis,Conxal
Copaifera langsdorffii,Coplan
Cordia bicolor,Corbic
Cordia collococca,Corcol
Couma utilis,Couuti
Coussapoa villosa,Couvil
Crateva tapia,Cratap
Crescenti alata,Creala
Crescentia amazonica,Creama
Crescentia cujete,Crecuj
Cucurbita argyirosperma,Cucarg
Cyathula prostrata,Cyapro
Cynometra retusa,Cynret
Cynophalla flexuosa,Cynfle
Diospyros discolor,Diodis
Diospyros nigra,Dionig
Dipteryx odorata,Dipodo
Dipteryx oleifera,Dipole
Drymonia rubra,Dryrub
Dyssochroma viridiflora,Dysvir
Elizabetha paraensis,Elipar
Emmotum nitens,Emmnit
Encholirium subsecundum,Encsub
Eperua falcata,Epefal
Epiphyllum hookeri,Epihoo
Eriobotrya japonica,Erijap
Eriolarynx lorentzii,Erilor
Eriotheca squamigera,Erisqu
Eugenia acapulcensis,Eugaca
Eugenia nesiotica,Eugnes
Eugenia uniflora,Euguni
Evodianthus funifer,Evofun
Ficus aurea,Ficaur
Ficus benjamina,Ficben
Ficus cahuitensis,Ficcah
Ficus citrifolia,Ficcit
Ficus clusiifolia,Ficclu
Ficus colubrinae,Ficcol
Ficus costaricana,Ficcos
Ficus cotinifolia,Ficcot
Ficus crassinervia,Ficcra
Ficus crocata,Ficcro
Ficus cyclophylla,Ficcyc
Ficus enormis,Ficeno
Ficus eximia,Ficexi
Ficus hartwegii,Fichar
Ficus insipida,Ficins
Ficus luschnatiana,Ficlus
Ficus matiziana,Ficmat
Ficus maxima,Ficmax
Ficus microcarpa,Ficmic
Ficus nymphaefolia,Ficnym
Ficus obtusifolia,Ficobt
Ficus paraensis,Ficpar
Ficus pertusa,Ficper
Ficus popenoei,Ficpop
Ficus tonduzii,Ficton
Ficus trigonata,Fictri
Ficus yoponensis,Ficyop
Flacourtia indica,Flaind
Guettarda foliacea,Guefol
Gurania acuminata,Guracu
Gurania lobata,Gurlob
Gustavia superba,Gussup
Harpochilus neesianus,Harnee
Helicteris baruensis,Helbar
Hernandia didymantha,Herdid
Hesperalbizia occidentalis,Hesocc
Hibiscus elatus,Hibela
Hibiscus rosa-sinensis,Hibros
Hillia illustris,Hilill
Hylocereus lemairei,Hyllem
Hymenaea courbaril,Hymcou
Hymenaea stigonocarpa,Hymsti
Inga uruguensis,Inguru
Inga vera,Ingver
Ipomea ampullacea,Ipoamp
Karwinskia calderonii,Karcal
Lafoensia glyptocarpa,Lafgly
Lafoensia pacari,Lafpac
Lafoensia vandelliana,Lafvan
Lantana trifolia,Lantri
Lecythis zabucajo,Leczab
Licania arborea,Licarb
Livistona chinensis,Livchi
Lophocereus schottii,Lopsch
Luehea paniculata,Luepan
Luehea speciosa,Luespe
Lycianthes glandulosa,Lycgla
Lycianthes multiflora,Lycmul
Mabea occidentalis,Mabocc
Maclura tinctoria,Mactin
Malpighia glabra,Malgla
Mammea americana,Mamame
Manfreda scabra,Mansca
Mangifera indica,Manind
Manilkara bidentata,Manbid
Manilkara zapota,Manzap
Marcgravia coriacea,Marcor
Marcgravia mexicana,Marmex
Marcgravia myriostigma,Marmyr
Marcgravia nepenthoides,Marnep
Marcgravia nervosa,Marner
Marcgravia pittieri,Marpit
Marcgravia polyantha,Marpol
Marcgravia serrae,Marser
Markea panamensis,Marpan
Matisia bracteolosa,Matbra
Melicoccus bijugatus,Melbij
Meriania pichinchensis,Merpic
Merinthopodium neuranthum,Merneu
Miconia albicans,Micalb
Mimosa lewisii,Mimlew
Mimusops elengi,Mimele
Mucuna holtonii,Muchol
Mucuna urens,Mucure
Muntingia calabura,Muncal
Musa acuminata,Musacu
Musa paradisiaca,Muspar
Myrcia paivae,Myrpai
Nectandra ambigens,Necamb
Neobuxbaumia tetetzo,Neotet
Ochroma pyramidale,Ochpyr
Oenocarpus distichus,Oendis
Pachira quinata,Pacqui
Pachycereus pecten-aboriginum,Pacpec
Pachycereus pringlei,Pacpri
Pachycereus weberi,Pacweb
Paliavana prasinata,Palpra
Parkia cachimboensis,Parcac
Parkia gigantocarpa,Pargig
Parkia igneiflora,Parign
Parkia nitida,Parnit
Parkia pendula,Parpen
Parkia platycephala,Parpla
Passiflora amethystina,Pasame
Passiflora mucronata,Pasmuc
Passiflora penduliflora,Paspen
Passiflora punctata,Paspun
Passiflora quadrangularis,Pasqua
Persea americana,Perame
Phenakospermum guyannense,Pheguy
Philodendron appendiculatum,Phiapp
Philodendron cuneatum,Phicun
Physalis angulata,Phyang
Phytolacca rivinoides,Phyriv
Pilosocereus catingicola,Pilcat
Pilosocereus chrysacanthus,Pilchr
Pilosocereus lanuginosus,Pillan
Pilosocereus moritzianus,Pilmor
Pilosocereus tillianus,Piltil
Pimenta racemosa,Pimrac
Piper aduncum,Pipadu
Piper aequale,Pipaeq
Piper amalago,Pipama
Piper arboreum,Piparb
Piper augustum,Pipaug
Piper auritum,Pipaur
Piper bartlingianum,Pipbar
Piper bisasperatum,Pipbis
Piper carrilloanum,Pipcar
Piper cenocladum,Pipcen
Piper colonense,Pipcol
Piper cordulatum,Pipcor
Piper crassinervium,Pipcra
Piper cyrtopodon,Pipcyr
Piper darienense,Pipdar
Piper dilatatum,Pipdil
Piper divaricatum,Pipdiv
Piper dotanum,Pipdot
Piper epigynium,Pipepi
Piper friedrichsthalii,Pipfri
Piper gaudichaudianum,Pipgau
Piper gibbosum,Pipgib
Piper glabratum,Pipgla
Piper glabrescens,Pipgla
Piper grande,Pipgra
Piper hieronymi,Piphie
Piper hispidum,Piphis
Piper hostmannianum,Piphos
Piper jacquemontianum,Pipjac
Piper lanceifolium,Piplan
Piper lapathifolium,Piplap
Piper marginatum,Pipmar
Piper mollicarium,Pipmol
Piper multiplinervium,Pipmul
Piper nigrum,Pipnig
Piper obliquum,Pipobl
Piper peltatum,Pippel
Piper phytolaccifolium,Pipphy
Piper pseudofuligineum,Pippse
Piper reticulatum,Pipret
Piper sancti-felicis,Pipsaf
Piper sanctum,Pipsan
Piper trigonum,Piptri
Piper tuberculatum,Piptub
Piper tucumanum,Piptuc
Piper umbellatum,Pipumb
Pitcairnia brongniartiana,Pitbro
Plinia cauliflora,Plicau
Poraqueiba sericea,Porser
Poulsenia armata,Pouarm
Pouteria campechiana,Poucam
Pouteria multiflora,Poumul
Pouteria reticulata,Pouret
Pouteria sapota,Pousap
Praecereus euchlorus smithianus,
Protium araguense,Proara
Prunus persica,Pruper
Pseudanamomis umbellulifera,Pseumb
Pseudobombax ellipticum,Pseell
Pseudobombax grandiflorum,Psegra
Pseudobombax septenatum,Psesep
Pseudolmedia glabrata,Psegla
Psidium guajava,Psigua
Psidium guianense,Psigui
Putranjiva roxburghii,Putrox
Quararibea asterolepis,Quaast
Quararibea cordata,Quacor
Quararibea funebris,Quafun
Quararibea ochrocalyx,Quaoch
Quararibea parvifolia,Quapar
Randia armata,Ranarm
Rollinia exsucca,Rolexs
Rollinia mucosa,Rolmuc
Roystonea borinquena,Roybor
Roystonea oleracea,Royole
Rubus brasiliensis,Rubbra
Sacoglottis guianensis,Sacgui
Sapindus saponaria,Sapsap
Saurauia montana,Saumon
Schlegelia paraensis,Schpar
Schultesianthus venosus,Schven
Senna fructicosa,Senfru
Senna undulata,Senund
Sideroxylon capiri,Sidcap
Sideroxylon foetidissimum,Sidfoe
Sinningia brasiliensis,Sinbra
Siphocampylus sulfureus,Sipsul
Socratea exorrhiza,Socexo
Solanum aligerum,Solali
Solanum americanum,Solame
Solanum aphyodendron,Solaph
Solanum arboreum,Solarb
Solanum argenteum,Solarg
Solanum asperolanatum,Solasp
Solanum asperum,Solasp
Solanum caavurana,Solcaa
Solanum cinnamomeum,Solcin
Solanum confusum,Solcon
Solanum erianthum,Soleri
Solanum grandiflorum,Solgra
Solanum granuloso-leprosum,Solgra
Solanum hayesii,Solhay
Solanum hazenii,Solhaz
Solanum hirtum,Solhir
Solanum jamaicense,Soljam
Solanum lanceolatum,Sollan
Solanum leucocarpon,Solleu
Solanum megalochiton,Solmeg
Solanum nigricans,Solnig
Solanum nudum,Solnud
Solanum ochraceo-ferrugineum,
Solanum paniculatum,Solpan
Solanum paranense,Solpar
Solanum pseudocapsicum,Solpse
Solanum pseudoquina,Solpse
Solanum quitoense,Solqui
Solanum riparium,Solrip
Solanum rovirosanum,Solrov
Solanum rudepannum,Solrud
Solanum rufescens,Solruf
Solanum rugosum,Solrug
Solanum salviaefolium,SolSal
Solanum sanctae-catharinae,Solsan
Solanum scuticum,Solscu
Solanum subinerme,Solsub
Solanum subsylvestre,Solsub
Solanum swartzianum,Solswa
Solanum sycophanta,Solsyc
Solanum symmetricum,Solsym
Solanum tenuispinum,Solten
Solanum torvum,Soltor
Solanum trichoneuron,Soltri
Solanum umbellatum,Solumb
Solanum variabile,Solvar
Solanum wrightii,Solwri
Souroubea guianensis,Sougui
Spathodea campanulata,Spacam
Spondias dulcis,Spodul
Spondias mombin,Spomom
Spondias radlkoferi,Sporad
Stenocereus griseus,Stegri
Stenocereus queretaroensis,Steque
Stenocereus stellatus,Steste
Stenocereus thurberi,Stethu
Syagrus romanzoffiana,Syarom
Syzygium cumini,Syzcum
Syzygium jambos,Syzjam
Syzygium malaccense,Syzmal
Terminalia catappa,Tercat
Tetrastylis ovalis,Tetova
Thespesia populnea,Thepop
Thoracocarpus bissectus,Thobis
Thunbergia grandiflora,Thugra
Trema micrantha,Tremic
Turpinia occidentalis,Turocc
Vassobia breviflora,Vasbre
Vismia baccifera,Visbac
Vismia cayennensis,Viscay
Vismia glabra,Visgla
Vismia guianensis,Visgui
Vismia latifolia,Vislat
Vismia lauriformis,Vislau
Vismia macrophylla,Vismac
Vismia magnoliifolia,vismag
Vismia sessilifolia,Visses
Vitis vinifera,Vitvin
Vriesea bituminosa,Vribit
Vriesea gigantea,Vrigig
Vriesea gladioliflora,Vrigla
Vriesea longiscapa,Vrilon
Vriesea platynema,Vripla
Vriesea sazimae,Vrisaz
Weberbauerocereus weberbaueri,Webweb
Weberocereus biolleyi,Webbio
Weberocereus trichophorus,Webtri
Weberocereus tunilla,Webtun
Zapoteca formosa,Zapfor
